{"backend": "ibm_kingston", "measured": "2026-06-22", "n": 156, "edges": [[0, 1], [1, 2], [2, 3], [3, 4], [3, 16], [4, 5], [5, 6], [6, 7], [7, 8], [7, 17], [8, 9], [9, 10], [10, 11], [11, 12], [11, 18], [12, 13], [13, 14], [14, 15], [15, 19], [16, 23], [17, 27], [18, 31], [19, 35], [20, 21], [21, 22], [21, 36], [22, 23], [23, 24], [24, 25], [25, 26], [25, 37], [26, 27], [27, 28], [28, 29], [29, 30], [29, 38], [30, 31], [31, 32], [32, 33], [33, 34], [33, 39], [34, 35], [36, 41], [37, 45], [38, 49], [39, 53], [40, 41], [41, 42], [42, 43], [43, 44], [43, 56], [44, 45], [45, 46], [46, 47], [47, 48], [47, 57], [48, 49], [49, 50], [50, 51], [51, 52], [51, 58], [52, 53], [53, 54], [54, 55], [55, 59], [56, 63], [57, 67], [58, 71], [59, 75], [60, 61], [61, 62], [61, 76], [62, 63], [63, 64], [64, 65], [65, 66], [65, 77], [66, 67], [67, 68], [68, 69], [69, 70], [69, 78], [70, 71], [71, 72], [72, 73], [73, 74], [73, 79], [74, 75], [76, 81], [77, 85], [78, 89], [79, 93], [80, 81], [81, 82], [82, 83], [83, 84], [83, 96], [84, 85], [85, 86], [86, 87], [87, 88], [87, 97], [88, 89], [89, 90], [90, 91], [91, 92], [91, 98], [92, 93], [93, 94], [94, 95], [95, 99], [96, 103], [97, 107], [98, 111], [99, 115], [100, 101], [101, 102], [101, 116], [102, 103], [103, 104], [104, 105], [105, 106], [105, 117], [106, 107], [107, 108], [108, 109], [109, 110], [109, 118], [110, 111], [111, 112], [112, 113], [113, 114], [113, 119], [114, 115], [116, 121], [117, 125], [118, 129], [119, 133], [120, 121], [121, 122], [122, 123], [123, 124], [123, 136], [124, 125], [125, 126], [126, 127], [127, 128], [127, 137], [128, 129], [129, 130], [130, 131], [131, 132], [131, 138], [132, 133], [133, 134], [134, 135], [135, 139], [136, 143], [137, 147], [138, 151], [139, 155], [140, 141], [141, 142], [142, 143], [143, 144], [144, 145], [145, 146], [146, 147], [147, 148], [148, 149], [149, 150], [150, 151], [151, 152], [152, 153], [153, 154], [154, 155]], "cz": {"0_1": 0.001341, "1_2": 0.001257, "2_3": 0.001568, "3_4": 0.002729, "3_16": 0.001323, "4_5": 0.003323, "5_6": 0.005087, "6_7": 0.00963, "7_8": 0.006894, "7_17": 0.007072, "8_9": 0.002555, "9_10": 0.00531, "10_11": 0.001532, "11_12": 0.000927, "11_18": 0.001494, "12_13": 0.001501, "13_14": 0.00126, "14_15": 0.001931, "15_19": 0.001714, "16_23": 0.000988, "17_27": 0.002167, "18_31": 0.00197, "19_35": 0.001143, "20_21": 0.001739, "21_22": 0.001093, "21_36": 0.002993, "22_23": 0.001548, "23_24": 0.001829, "24_25": 0.002769, "25_26": 0.001901, "25_37": 0.002016, "26_27": 0.00209, "27_28": 0.001497, "28_29": 0.002448, "29_30": 0.001482, "29_38": 0.005074, "30_31": 0.001492, "31_32": 0.00235, "32_33": 0.002959, "33_34": 0.001867, "33_39": 0.00696, "34_35": 0.001704, "36_41": 0.00216, "37_45": 0.002161, "38_49": 0.00159, "39_53": 0.001532, "40_41": 0.002359, "41_42": 0.006229, "42_43": 0.002819, "43_44": 0.003447, "43_56": 0.002439, "44_45": 0.002014, "45_46": 0.001513, "46_47": 0.00152, "47_48": 0.002568, "47_57": 0.001537, "48_49": 0.002028, "49_50": 0.003691, "50_51": 0.001386, "51_52": 0.002349, "51_58": 0.002192, "52_53": 0.001821, "53_54": 0.001252, "54_55": 0.002102, "55_59": 0.001301, "56_63": 0.00181, "57_67": 0.00357, "58_71": 0.001219, "59_75": 0.001212, "60_61": 0.002579, "61_62": 0.001599, "61_76": 0.002048, "62_63": 0.001842, "63_64": 0.001577, "64_65": 0.00184, "65_66": 0.002099, "65_77": 0.001715, "66_67": 0.002581, "67_68": 0.001371, "68_69": 0.001781, "69_70": 0.002837, "69_78": 0.002207, "70_71": 0.001977, "71_72": 0.001352, "72_73": 0.001551, "73_74": 0.001121, "73_79": 0.001857, "74_75": 0.001953, "76_81": 0.001786, "77_85": 0.005661, "78_89": 0.001916, "79_93": 0.002038, "80_81": 0.001677, "81_82": 0.001336, "82_83": 0.000819, "83_84": 0.002035, "83_96": 0.001222, "84_85": 0.034751, "85_86": 0.007845, "86_87": 0.004096, "87_88": 0.003568, "87_97": 0.001525, "88_89": 0.002002, "89_90": 0.001404, "90_91": 0.001821, "91_92": 0.001747, "91_98": 0.001421, "92_93": 0.001383, "93_94": 0.001161, "94_95": 0.001153, "95_99": 0.019914, "96_103": 0.001258, "97_107": 0.001336, "98_111": 0.002905, "99_115": 0.020727, "100_101": 0.001653, "101_102": 0.000847, "101_116": 0.000942, "102_103": 0.001342, "103_104": 0.001694, "104_105": 0.001659, "105_106": 0.001418, "105_117": 0.001294, "106_107": 0.001417, "107_108": 0.001838, "108_109": 0.001459, "109_110": 0.001967, "109_118": 0.002708, "110_111": 0.00226, "111_112": 0.141997, "112_113": 1, "113_114": 0.033547, "113_119": 0.032491, "114_115": 0.004313, "116_121": 0.059787, "117_125": 0.001355, "118_129": 0.001736, "119_133": 0.085399, "120_121": 0.201146, "121_122": 0.058731, "122_123": 0.00177, "123_124": 0.001675, "123_136": 0.002136, "124_125": 0.001456, "125_126": 0.001077, "126_127": 0.001272, "127_128": 0.002069, "127_137": 0.003002, "128_129": 0.002009, "129_130": 0.005809, "130_131": 1, "131_132": 0.041587, "131_138": 0.050872, "132_133": 0.001976, "133_134": 0.001718, "134_135": 0.002025, "135_139": 0.00175, "136_143": 0.001644, "137_147": 0.004442, "138_151": 0.001393, "139_155": 0.001472, "140_141": 0.001173, "141_142": 0.001068, "142_143": 0.001165, "143_144": 0.001463, "144_145": 0.004697, "145_146": 1, "146_147": 1, "147_148": 0.002923, "148_149": 0.001936, "149_150": 0.002269, "150_151": 0.001647, "151_152": 0.001165, "152_153": 0.003214, "153_154": 0.001297, "154_155": 0.001705}, "readout": {"0": 0.01428, "1": 0.00977, "2": 0.005, "3": 0.00562, "4": 0.00818, "5": 0.00598, "6": 0.00684, "7": 0.01611, "8": 0.00476, "9": 0.00623, "10": 0.00488, "11": 0.0061, "12": 0.03308, "13": 0.00403, "14": 0.02686, "15": 0.00513, "16": 0.01538, "17": 0.00513, "18": 0.00867, "19": 0.01147, "20": 0.00598, "21": 0.00342, "22": 0.01099, "23": 0.00293, "24": 0.0155, "25": 0.01086, "26": 0.01208, "27": 0.00793, "28": 0.01306, "29": 0.00671, "30": 0.00562, "31": 0.01892, "32": 0.01965, "33": 0.00964, "34": 0.03394, "35": 0.01807, "36": 0.00598, "37": 0.00977, "38": 0.00708, "39": 0.00842, "40": 0.00269, "41": 0.00439, "42": 0.00488, "43": 0.00488, "44": 0.00525, "45": 0.00989, "46": 0.00842, "47": 0.00793, "48": 0.00244, "49": 0.00696, "50": 0.00244, "51": 0.03076, "52": 0.01794, "53": 0.00476, "54": 0.02087, "55": 0.0033, "56": 0.00891, "57": 0.00439, "58": 0.02087, "59": 0.00378, "60": 0.00366, "61": 0.00781, "62": 0.01062, "63": 0.00964, "64": 0.00598, "65": 0.0127, "66": 0.0072, "67": 0.01404, "68": 0.00342, "69": 0.00574, "70": 0.01929, "71": 0.00525, "72": 0.01575, "73": 0.01343, "74": 0.00549, "75": 0.02527, "76": 0.00842, "77": 0.00659, "78": 0.02808, "79": 0.00977, "80": 0.00684, "81": 0.01782, "82": 0.00574, "83": 0.00842, "84": 0.00415, "85": 0.00891, "86": 0.00781, "87": 0.0083, "88": 0.0083, "89": 0.00366, "90": 0.00403, "91": 0.00415, "92": 0.02954, "93": 0.00598, "94": 0.01355, "95": 0.00427, "96": 0.01086, "97": 0.0061, "98": 0.00562, "99": 0.04712, "100": 0.00696, "101": 0.01062, "102": 0.02576, "103": 0.00928, "104": 0.00891, "105": 0.00439, "106": 0.00842, "107": 0.00354, "108": 0.02637, "109": 0.00378, "110": 0.00366, "111": 0.00989, "112": 0.08252, "113": 0.15405, "114": 0.01624, "115": 0.01147, "116": 0.02051, "117": 0.0033, "118": 0.00464, "119": 0.01538, "120": 0.25281, "121": 0.20251, "122": 0.00623, "123": 0.0072, "124": 0.00366, "125": 0.03113, "126": 0.00403, "127": 0.05347, "128": 0.00464, "129": 0.00757, "130": 0.02026, "131": 0.1521, "132": 0.01099, "133": 0.00439, "134": 0.00818, "135": 0.01257, "136": 0.00769, "137": 0.01013, "138": 0.00769, "139": 0.01648, "140": 0.00952, "141": 0.00378, "142": 0.00537, "143": 0.00659, "144": 0.00964, "145": 0.01831, "146": 0.49475, "147": 0.01208, "148": 0.00281, "149": 0.00244, "150": 0.0072, "151": 0.005, "152": 0.00635, "153": 0.01965, "154": 0.00745, "155": 0.00928}, "t1_us": {"0": 327.4, "1": 320.7, "2": 335.6, "3": 144.7, "4": 260.7, "5": 100.7, "6": 238.9, "7": 178.0, "8": 246.3, "9": 120.8, "10": 197.1, "11": 335.6, "12": 321.3, "13": 451.9, "14": 120.1, "15": 165.8, "16": 259.0, "17": 269.6, "18": 139.1, "19": 335.7,